{
  "parent": "dark_caverns:enter_dark_caverns",
  "display": {
    "icon": {
      "item": "dark_caverns:molten_carfstone"
    },
    "title": {
      "translate": "advancements.dark_caverns.find_sacret_torch.title"
    },
    "description": {
      "translate": "advancements.dark_caverns.find_sacret_torch.description"
    },
    "frame": "task",
    "show_toast": true,
    "announce_to_chat": true,
    "hidden": false
  },
  "criteria": {
    "find_sacret_torch": {
      "trigger": "minecraft:location",
      "conditions": {
        "location": {
          "feature": "dark_caverns:sacret_torch"
        }
      }
    }
  },
  "requirements": [
    [
      "find_sacret_torch"
    ]
  ]
}