{
    "parent": "dark_caverns:find_forgotten_tower",
    "display": {
      "icon": {
        "item": "dark_caverns:key_to_the_caverns"
      },
      "title": {
        "translate": "advancements.dark_caverns.obtain_key.title"
      },
      "description": {
        "translate": "advancements.dark_caverns.obtain_key.description"
      },
      "frame": "task",
      "show_toast": true,
      "announce_to_chat": true,
      "hidden": false
    },
    "criteria": {
      "key": {
        "trigger": "minecraft:inventory_changed",
        "conditions": {
          "items": [
            {
              "item": "dark_caverns:key_to_the_caverns"
            }
          ]
        }
      }
    },
    "requirements": [
      [
        "key"
      ]
    ]
  }