{
    "display": {
        "title": {
            "text": "Dark Caverns"
        },
        "description": {
            "text": ""
        },
        "icon": {
            "item": "dark_caverns:carfstone_luminite_ore"
        },
        "frame": "task",
        "show_toast": true,
        "announce_to_chat": false,
        "hidden": false,
        "background": "dark_caverns:textures/gui/advancements/backgrounds/carfstone.png"
    },
    "criteria": {
        "tick": {
            "trigger": "minecraft:tick"
        }
    }
}