{
	"format_version": "1.8.0",
	"animations": {
		"animation.camorock.idle": {
			"loop": true,
			"animation_length": 0.04167,
			"bones": {
				"hat": {
					"position": {
						"vector": [0, -7, 0]
					}
				},
				"body": {
					"scale": {
						"vector": [0, 0, 0]
					}
				},
				"left_back_leg": {
					"scale": {
						"vector": [0, 0, 0]
					}
				},
				"right_back_leg": {
					"scale": {
						"vector": [0, 0, 0]
					}
				},
				"left_front_leg": {
					"scale": {
						"vector": [0, 0, 0]
					}
				},
				"right_front_leg": {
					"scale": {
						"vector": [0, 0, 0]
					}
				}
			}
		},
		"animation.camorock.standup": {
			"animation_length": 0.375,
			"bones": {
				"hat": {
					"position": {
						"0.0": {
							"vector": [0, -7, 0]
						},
						"0.375": {
							"vector": [0, 0, 0]
						}
					}
				},
				"body": {
					"scale": {
						"0.0": {
							"vector": [0, 0, 0]
						},
						"0.375": {
							"vector": [1, 1, 1]
						}
					}
				},
				"left_back_leg": {
					"scale": {
						"0.0": {
							"vector": [0, 0, 0]
						},
						"0.2083": {
							"vector": [0, 0, 0]
						},
						"0.375": {
							"vector": [1, 1, 1]
						}
					}
				},
				"right_back_leg": {
					"scale": {
						"0.0": {
							"vector": [0, 0, 0]
						},
						"0.2083": {
							"vector": [0, 0, 0]
						},
						"0.375": {
							"vector": [1, 1, 1]
						}
					}
				},
				"left_front_leg": {
					"scale": {
						"0.0": {
							"vector": [0, 0, 0]
						},
						"0.2083": {
							"vector": [0, 0, 0]
						},
						"0.375": {
							"vector": [1, 1, 1]
						}
					}
				},
				"right_front_leg": {
					"scale": {
						"0.0": {
							"vector": [0, 0, 0]
						},
						"0.2083": {
							"vector": [0, 0, 0]
						},
						"0.375": {
							"vector": [1, 1, 1]
						}
					}
				}
			}
		},
		"animation.camorock.walk": {
			"loop": true,
			"animation_length": 0.66667,
			"bones": {
				"hat": {
					"rotation": {
						"0.0": {
							"vector": [0, 0, 0]
						},
						"0.1667": {
							"vector": [0, 0, 2.5],
							"easing": "easeInOutExpo"
						},
						"0.4583": {
							"vector": [0, 0, -2.5],
							"easing": "easeInOutExpo"
						},
						"0.6667": {
							"vector": [0, 0, 0],
							"easing": "easeInOutExpo"
						}
					}
				},
				"left_back_leg": {
					"rotation": {
						"0.0": {
							"vector": [0, 0, 0]
						},
						"0.1667": {
							"vector": [37.5, 0, 0],
							"easing": "easeInOutCubic"
						},
						"0.5": {
							"vector": [-30, 0, 0],
							"easing": "easeInOutCubic"
						},
						"0.6667": {
							"vector": [0, 0, 0],
							"easing": "easeInOutCubic"
						}
					}
				},
				"right_back_leg": {
					"rotation": {
						"0.0": {
							"vector": [0, 0, 0]
						},
						"0.1667": {
							"vector": [-30, 0, 0],
							"easing": "easeInOutCubic"
						},
						"0.5": {
							"vector": [40, 0, 0],
							"easing": "easeInOutCubic"
						},
						"0.6667": {
							"vector": [0, 0, 0],
							"easing": "easeInOutCubic"
						}
					}
				},
				"left_front_leg": {
					"rotation": {
						"0.0": {
							"vector": [0, 0, 0]
						},
						"0.1667": {
							"vector": [-25, 0, 0],
							"easing": "easeInOutCubic"
						},
						"0.5": {
							"vector": [37.5, 0, 0],
							"easing": "easeInOutCubic"
						},
						"0.6667": {
							"vector": [0, 0, 0],
							"easing": "easeInOutCubic"
						}
					}
				},
				"right_front_leg": {
					"rotation": {
						"0.0": {
							"vector": [0, 0, 0]
						},
						"0.1667": {
							"vector": [32.5, 0, 0],
							"easing": "easeInOutCubic"
						},
						"0.5": {
							"vector": [-37.5, 0, 0],
							"easing": "easeInOutCubic"
						},
						"0.6667": {
							"vector": [0, 0, 0],
							"easing": "easeInOutCubic"
						}
					}
				}
			}
		}
	}
}