{
	"format_version": "1.8.0",
	"animations": {
		"animation.luminite_fox.idle": {
			"loop": true,
			"animation_length": 2,
			"bones": {
				"head": {
					"rotation": {
						"0.0": {
							"vector": [0, 0, 0]
						},
						"0.2917": {
							"vector": [0, 0, 0]
						},
						"0.7083": {
							"vector": [0, -17.5, -5]
						},
						"0.8333": {
							"vector": [0, -17.5, -5]
						},
						"1.125": {
							"vector": [0, 27.5, 2.5]
						},
						"1.2083": {
							"vector": [0, 27.5, 2.5]
						},
						"1.4583": {
							"vector": [0, 0, 0]
						},
						"2.0": {
							"vector": [0, 0, 0]
						}
					}
				},
				"tail": {
					"rotation": {
						"0.0": {
							"vector": [0, 0, 0]
						},
						"0.2083": {
							"vector": [0, 15, -12.5]
						},
						"0.6667": {
							"vector": [0, -22.5, 15]
						},
						"1.1667": {
							"vector": [0, 22.5, -7.5]
						},
						"1.7083": {
							"vector": [0, -25, 10]
						},
						"2.0": {
							"vector": [0, 0, 0]
						}
					}
				},
				"left_front_leg": {
					"rotation": {
						"0.0": {
							"vector": [0, 0, 0]
						},
						"0.4583": {
							"vector": [0, 0, 0]
						},
						"0.7083": {
							"vector": [-27.5, 0, 0]
						},
						"0.9167": {
							"vector": [0, 0, 0]
						}
					}
				},
				"right_back_leg": {
					"rotation": {
						"1.0": {
							"vector": [0, 0, 0]
						},
						"1.25": {
							"vector": [25, 0, 0]
						},
						"1.4583": {
							"vector": [0, 0, 0]
						}
					}
				}
			}
		},
		"animation.luminite_fox.run": {
			"loop": true,
			"animation_length": 2,
			"bones": {
				"head": {
					"rotation": {
						"0.0": {
							"vector": [0, 0, 0]
						},
						"0.1667": {
							"vector": [0, -17.5, -5]
						},
						"0.4583": {
							"vector": [0, 23, 6]
						},
						"0.8333": {
							"vector": [0, -15, -2.5]
						},
						"1.1667": {
							"vector": [0, 30, 5]
						},
						"1.5": {
							"vector": [0, -20, -7]
						},
						"1.8333": {
							"vector": [0, 22.5, 5]
						},
						"2.0": {
							"vector": [0, 0, 0]
						}
					}
				},
				"tail": {
					"rotation": {
						"0.0": {
							"vector": [0, 0, 0]
						},
						"0.125": {
							"vector": [0, 15, -12.5]
						},
						"0.4583": {
							"vector": [0, -22.5, 15]
						},
						"0.7917": {
							"vector": [0, 22.5, -7.5]
						},
						"1.1667": {
							"vector": [0, -25, 10]
						},
						"1.5": {
							"vector": [0, 27, -10]
						},
						"1.8333": {
							"vector": [0, -24, 12]
						},
						"2.0": {
							"vector": [0, 0, 0]
						}
					}
				},
				"left_front_leg": {
					"rotation": {
						"0.0": {
							"vector": [0, 0, 0]
						},
						"0.1667": {
							"vector": [-37.5, 0, 0]
						},
						"0.5": {
							"vector": [27.5, 0, 0]
						},
						"0.75": {
							"vector": [-37.5, 0, 0]
						},
						"1.0833": {
							"vector": [27.5, 0, 0]
						},
						"1.4583": {
							"vector": [-37.5, 0, 0]
						},
						"1.8333": {
							"vector": [27.5, 0, 0]
						},
						"2.0": {
							"vector": [0, 0, 0]
						}
					}
				},
				"right_back_leg": {
					"rotation": {
						"0.0": {
							"vector": [0, 0, 0]
						},
						"0.2083": {
							"vector": [-37.5, 0, 0]
						},
						"0.5": {
							"vector": [27.5, 0, 0]
						},
						"0.75": {
							"vector": [-37.5, 0, 0]
						},
						"1.125": {
							"vector": [27.5, 0, 0]
						},
						"1.375": {
							"vector": [-37.5, 0, 0]
						},
						"1.7917": {
							"vector": [27.5, 0, 0]
						},
						"2.0": {
							"vector": [0, 0, 0]
						}
					}
				},
				"right_front_leg": {
					"rotation": {
						"0.0": {
							"vector": [0, 0, 0]
						},
						"0.125": {
							"vector": [40, 0, 0]
						},
						"0.4583": {
							"vector": [-25, 0, 0]
						},
						"0.7917": {
							"vector": [40, 0, 0]
						},
						"1.0833": {
							"vector": [-25, 0, 0]
						},
						"1.4583": {
							"vector": [40, 0, 0]
						},
						"1.8333": {
							"vector": [-25, 0, 0]
						},
						"2.0": {
							"vector": [0, 0, 0]
						}
					}
				},
				"left_back_leg": {
					"rotation": {
						"0.0": {
							"vector": [0, 0, 0]
						},
						"0.125": {
							"vector": [40, 0, 0]
						},
						"0.4167": {
							"vector": [-25, 0, 0]
						},
						"0.75": {
							"vector": [40, 0, 0]
						},
						"1.125": {
							"vector": [-25, 0, 0]
						},
						"1.4167": {
							"vector": [40, 0, 0]
						},
						"1.8333": {
							"vector": [-25, 0, 0]
						},
						"2.0": {
							"vector": [0, 0, 0]
						}
					}
				}
			}
		}
	}
}