{
	"format_version": "1.8.0",
	"animations": {
		"animation.luminite_golem.idle": {
			"loop": true,
			"animation_length": 3,
			"bones": {
				"left_arm": {
					"rotation": {
						"0.0": {
							"vector": [0, 0, 0]
						},
						"0.4583": {
							"vector": [0, 0, 0],
							"easing": "easeInOutQuad"
						},
						"1.0417": {
							"vector": [9, 0, 0],
							"easing": "easeInOutQuad"
						},
						"1.5417": {
							"vector": [0, 0, 0],
							"easing": "easeInOutQuad"
						},
						"1.9167": {
							"vector": [0, 0, 0],
							"easing": "easeInOutQuad"
						},
						"2.4167": {
							"vector": [-13, 0, 0],
							"easing": "easeInOutQuad"
						},
						"3.0": {
							"vector": [0, 0, 0],
							"easing": "easeInOutQuad"
						}
					}
				},
				"right_arm": {
					"rotation": {
						"0.0417": {
							"vector": [0, 0, 0]
						},
						"0.5": {
							"vector": [0, 0, 0],
							"easing": "easeInOutQuad"
						},
						"1.0": {
							"vector": [-10, 0, 0],
							"easing": "easeInOutQuad"
						},
						"1.4583": {
							"vector": [0, 0, 0],
							"easing": "easeInOutQuad"
						},
						"2.0": {
							"vector": [0, 0, 0],
							"easing": "easeInOutQuad"
						},
						"2.5": {
							"vector": [17.5, 0, 0],
							"easing": "easeInOutQuad"
						},
						"3.0": {
							"vector": [0, 0, 0],
							"easing": "easeInOutQuad"
						}
					}
				},
				"head": {
					"rotation": {
						"0.0": {
							"vector": [0, 0, 0]
						},
						"0.5": {
							"vector": [-2.5, 10, 0],
							"easing": "easeInOutSine"
						},
						"1.0": {
							"vector": [0, 0, 0],
							"easing": "easeInOutSine"
						},
						"1.5417": {
							"vector": [0, 0, 0],
							"easing": "easeInOutSine"
						},
						"2.125": {
							"vector": [-5, -5, 0],
							"easing": "easeInOutSine"
						},
						"3.0": {
							"vector": [0, 0, 0],
							"easing": "easeInOutSine"
						}
					}
				}
			}
		},
		"animation.luminite_golem.walk": {
			"loop": true,
			"animation_length": 1.08333,
			"bones": {
				"left_leg": {
					"rotation": {
						"0.0": {
							"vector": [0, 0, 0]
						},
						"0.2917": {
							"vector": [-20, 0, 0],
							"easing": "linear"
						},
						"0.7917": {
							"vector": [27.5, 0, 0],
							"easing": "linear"
						},
						"1.0833": {
							"vector": [0, 0, 0],
							"easing": "linear"
						}
					}
				},
				"right_leg": {
					"rotation": {
						"0.0": {
							"vector": [0, 0, 0]
						},
						"0.2917": {
							"vector": [17.5, 0, 0],
							"easing": "linear"
						},
						"0.7917": {
							"vector": [-20, 0, 0],
							"easing": "linear"
						},
						"1.0833": {
							"vector": [0, 0, 0],
							"easing": "linear"
						}
					}
				},
				"left_arm": {
					"rotation": {
						"0.0": {
							"vector": [0, 0, 0]
						},
						"0.2917": {
							"vector": [20, 0, 0],
							"easing": "linear"
						},
						"0.7917": {
							"vector": [-22.5, 0, 0],
							"easing": "linear"
						},
						"1.0833": {
							"vector": [0, 0, 0],
							"easing": "linear"
						}
					}
				},
				"right_arm": {
					"rotation": {
						"0.0": {
							"vector": [0, 0, 0]
						},
						"0.2917": {
							"vector": [-20, 0, 0],
							"easing": "linear"
						},
						"0.7917": {
							"vector": [25, 0, 0],
							"easing": "linear"
						},
						"1.0833": {
							"vector": [0, 0, 0],
							"easing": "linear"
						}
					}
				},
				"head": {
					"rotation": {
						"0.0": {
							"vector": [-5, 0, 0]
						},
						"0.25": {
							"vector": [0, -2.5, 0],
							"easing": "easeInOutSine"
						},
						"0.5417": {
							"vector": [-5, 0, 0],
							"easing": "easeInOutSine"
						},
						"0.8333": {
							"vector": [0, 7.5, 0],
							"easing": "easeInOutSine"
						},
						"1.0833": {
							"vector": [-5, 0, 0],
							"easing": "easeInOutSine"
						}
					}
				}
			}
		},
		"animation.luminite_golem.attack": {
			"loop": true,
			"animation_length": 0.58333,
			"bones": {
				"left_arm": {
					"rotation": {
						"0.0": {
							"vector": [0, 0, 0]
						},
						"0.2083": {
							"vector": [-95, 0, 0],
							"easing": "easeInOutQuad"
						},
						"0.375": {
							"vector": [-95, 0, 0],
							"easing": "easeInOutQuad"
						},
						"0.5833": {
							"vector": [0, 0, 0],
							"easing": "easeInOutQuad"
						}
					}
				},
				"right_arm": {
					"rotation": {
						"0.0": {
							"vector": [0, 0, 0]
						},
						"0.1667": {
							"vector": [-102.5, 0, 0],
							"easing": "easeInOutQuad"
						},
						"0.3333": {
							"vector": [-102.5, 0, 0],
							"easing": "easeInOutQuad"
						},
						"0.5833": {
							"vector": [0, 0, 0]
						}
					}
				},
				"head": {
					"rotation": {
						"0.0": {
							"vector": [7.5, 0, 0]
						},
						"0.2083": {
							"vector": [-22.5, 0, 0],
							"easing": "easeInOutSine"
						}
					}
				}
			}
		}
	}
}