{
	"format_version": "1.8.0",
	"animations": {
		"animation.moltener.idle": {
			"loop": true,
			"animation_length": 2.54167,
			"bones": {
				"right_arm": {
					"rotation": {
						"0.0": {
							"vector": [0, 0, 0]
						},
						"0.625": {
							"vector": [-17.5, 0, 0],
							"easing": "easeInOutCubic"
						},
						"1.875": {
							"vector": [30, 0, 0],
							"easing": "easeInOutCubic"
						},
						"2.5417": {
							"vector": [0, 0, 0],
							"easing": "easeInOutCubic"
						}
					}
				},
				"left_arm": {
					"rotation": {
						"0.0": {
							"vector": [0, 0, 0]
						},
						"0.625": {
							"vector": [22.5, 0, 0],
							"easing": "easeInOutCubic"
						},
						"1.875": {
							"vector": [-32.5, 0, 0],
							"easing": "easeInOutCubic"
						},
						"2.5417": {
							"vector": [0, 0, 0],
							"easing": "easeInOutCubic"
						}
					}
				},
				"left_eye": {
					"rotation": {
						"vector": [0, 0, 0]
					}
				},
				"lid": {
					"rotation": {
						"0.0": {
							"vector": [0, 0, 0]
						},
						"0.7083": {
							"vector": [15, 0, 0],
							"easing": "easeInOutQuint"
						},
						"1.6667": {
							"vector": [-12.5, 0, 0],
							"easing": "easeInOutQuint"
						},
						"2.5417": {
							"vector": [0, 0, 0],
							"easing": "easeInOutQuint"
						}
					}
				}
			}
		},
		"animation.moltener.walk": {
			"loop": true,
			"animation_length": 2.5,
			"bones": {
				"right_arm": {
					"rotation": {
						"0.0": {
							"vector": [0, 0, 0]
						},
						"0.25": {
							"vector": [-22.5, 0, 0]
						},
						"0.5833": {
							"vector": [47.5, 0, 0]
						},
						"1.0": {
							"vector": [-22.5, 0, 0]
						},
						"1.4167": {
							"vector": [47.5, 0, 0]
						},
						"1.8333": {
							"vector": [-22.5, 0, 0]
						},
						"2.25": {
							"vector": [47.5, 0, 0]
						},
						"2.5": {
							"vector": [0, 0, 0]
						}
					}
				},
				"left_arm": {
					"rotation": {
						"0.0": {
							"vector": [0, 0, 0]
						},
						"0.25": {
							"vector": [47.5, 0, 0]
						},
						"0.5833": {
							"vector": [-22.5, 0, 0]
						},
						"1.0": {
							"vector": [47.5, 0, 0]
						},
						"1.4167": {
							"vector": [-22.5, 0, 0]
						},
						"1.8333": {
							"vector": [47.5, 0, 0]
						},
						"2.2083": {
							"vector": [-22.5, 0, 0]
						},
						"2.5": {
							"vector": [0, 0, 0]
						}
					}
				},
				"right_leg": {
					"rotation": {
						"0.0": {
							"vector": [0, 0, 0]
						},
						"0.25": {
							"vector": [47.5, 0, 0]
						},
						"0.5833": {
							"vector": [-22.5, 0, 0]
						},
						"1.0": {
							"vector": [47.5, 0, 0]
						},
						"1.4583": {
							"vector": [-22.5, 0, 0]
						},
						"1.8333": {
							"vector": [47.5, 0, 0]
						},
						"2.2083": {
							"vector": [-22.5, 0, 0]
						},
						"2.5": {
							"vector": [0, 0, 0]
						}
					}
				},
				"left_leg": {
					"rotation": {
						"0.0": {
							"vector": [0, 0, 0]
						},
						"0.25": {
							"vector": [-22.5, 0, 0]
						},
						"0.5833": {
							"vector": [47.5, 0, 0]
						},
						"1.0": {
							"vector": [-22.5, 0, 0]
						},
						"1.4167": {
							"vector": [47.5, 0, 0]
						},
						"1.8333": {
							"vector": [-22.5, 0, 0]
						},
						"2.2083": {
							"vector": [47.5, 0, 0]
						},
						"2.5": {
							"vector": [0, 0, 0]
						}
					}
				},
				"lid": {
					"rotation": {
						"0.0": {
							"vector": [0, 0, 0]
						},
						"0.3333": {
							"vector": [15, 0, 0],
							"easing": "easeInOutCubic"
						},
						"0.75": {
							"vector": [-17.22, 0, 0],
							"easing": "easeInOutCubic"
						},
						"1.2083": {
							"vector": [14.02, 0, 0],
							"easing": "easeInOutCubic"
						},
						"1.625": {
							"vector": [-14.87, 0, 0],
							"easing": "easeInOutCubic"
						},
						"2.0833": {
							"vector": [13.35, 0, 0],
							"easing": "easeInOutCubic"
						},
						"2.5": {
							"vector": [0, 0, 0],
							"easing": "easeInOutCubic"
						}
					}
				}
			}
		}
	}
}