{
	"format_version": "1.8.0",
	"animations": {
		"animation.scorchhound.idle": {
			"loop": true,
			"animation_length": 3,
			"bones": {
				"head": {
					"rotation": {
						"0.0": {
							"vector": [0, 0, 0]
						},
						"0.5": {
							"vector": [12.5, 0, 0]
						},
						"1.0": {
							"vector": [-17.5, 0, 0]
						},
						"1.4583": {
							"vector": [0, 0, 0]
						},
						"2.0": {
							"vector": [10, 10, 0]
						},
						"2.5": {
							"vector": [-2.5, -5, 0]
						},
						"3.0": {
							"vector": [0, 0, 0]
						}
					}
				}
			}
		},
		"animation.shorchhound.walk": {
			"loop": true,
			"animation_length": 1.125,
			"bones": {
				"left_back_leg": {
					"rotation": {
						"0.0": {
							"vector": [0, 0, 0]
						},
						"0.2917": {
							"vector": [0, 0, -25]
						},
						"0.8333": {
							"vector": [0, 0, 27.5]
						},
						"1.125": {
							"vector": [0, 0, 0]
						}
					}
				},
				"right_back_leg": {
					"rotation": {
						"0.0": {
							"vector": [0, 0, 0]
						},
						"0.2917": {
							"vector": [0, 0, 40]
						},
						"0.8333": {
							"vector": [0, 0, -32.5]
						},
						"1.125": {
							"vector": [0, 0, 0]
						}
					}
				},
				"left_front_leg": {
					"rotation": {
						"0.0": {
							"vector": [0, 0, 0]
						},
						"0.2917": {
							"vector": [0, 0, 30]
						},
						"0.8333": {
							"vector": [0, 0, -30]
						},
						"1.125": {
							"vector": [0, 0, 0]
						}
					}
				},
				"right_front_leg": {
					"rotation": {
						"0.0": {
							"vector": [0, 0, 0]
						},
						"0.2917": {
							"vector": [0, 0, -32.5]
						},
						"0.8333": {
							"vector": [0, 0, 35]
						},
						"1.125": {
							"vector": [0, 0, 0]
						}
					}
				}
			}
		},
		"animation.scorchhound.run": {
			"loop": true,
			"animation_length": 0.75,
			"bones": {
				"left_back_leg": {
					"rotation": {
						"0.0": {
							"vector": [0, 0, 0]
						},
						"0.2083": {
							"vector": [0, 0, -25]
						},
						"0.5": {
							"vector": [0, 0, 27.5]
						},
						"0.7083": {
							"vector": [0, 0, 0]
						}
					}
				},
				"right_back_leg": {
					"rotation": {
						"0.0": {
							"vector": [0, 0, 0]
						},
						"0.2083": {
							"vector": [0, 0, 40]
						},
						"0.5": {
							"vector": [0, 0, -32.5]
						},
						"0.7083": {
							"vector": [0, 0, 0]
						}
					}
				},
				"left_front_leg": {
					"rotation": {
						"0.0": {
							"vector": [0, 0, 0]
						},
						"0.2083": {
							"vector": [0, 0, 30]
						},
						"0.5": {
							"vector": [0, 0, -30]
						},
						"0.7083": {
							"vector": [0, 0, 0]
						}
					}
				},
				"right_front_leg": {
					"rotation": {
						"0.0": {
							"vector": [0, 0, 0]
						},
						"0.2083": {
							"vector": [0, 0, -32.5]
						},
						"0.5": {
							"vector": [0, 0, 35]
						},
						"0.7083": {
							"vector": [0, 0, 0]
						}
					}
				}
			}
		}
	}
}