{
	"format_version": "1.8.0",
	"animations": {
		"animation.scorchling.idle": {
			"loop": true,
			"animation_length": 3.54167,
			"bones": {
				"head": {
					"rotation": {
						"0.0": {
							"vector": [0, 0, 0]
						},
						"0.8333": {
							"vector": [0, 17.5, 0],
							"easing": "easeOutQuart"
						},
						"2.5417": {
							"vector": [0, -12.5, 0],
							"easing": "easeOutCubic"
						},
						"3.5417": {
							"vector": [0, 0, 0],
							"easing": "easeOutQuart"
						}
					}
				},
				"tail": {
					"rotation": {
						"0.0": {
							"vector": [0, 0, 0]
						},
						"0.5833": {
							"vector": [0, 0, -17.5],
							"easing": "easeInOutCubic"
						},
						"1.4167": {
							"vector": [0, 0, 10],
							"easing": "easeInOutCubic"
						},
						"2.1667": {
							"vector": [0, 0, -15],
							"easing": "easeInOutCubic"
						},
						"2.9167": {
							"vector": [0, 0, 15],
							"easing": "easeInOutCubic"
						},
						"3.5417": {
							"vector": [0, 0, 0],
							"easing": "easeInOutCubic"
						}
					}
				}
			}
		},
		"animation.scorchling.run": {
			"loop": true,
			"animation_length": 1.16667,
			"bones": {
				"head": {
					"rotation": {
						"0.0": {
							"vector": [0, 0, 0]
						},
						"0.25": {
							"vector": [-5, 10, 0],
							"easing": "easeInOutCubic"
						},
						"0.8333": {
							"vector": [-2.5, -31.18, 0],
							"easing": "easeInOutCubic"
						},
						"1.1667": {
							"vector": [0, 0, 0],
							"easing": "easeInOutCubic"
						}
					}
				},
				"tail": {
					"rotation": {
						"0.0": {
							"vector": [0, 0, 0]
						},
						"0.25": {
							"vector": [0, 0, -20],
							"easing": "easeInOutQuad"
						},
						"0.7083": {
							"vector": [0, 0, 40],
							"easing": "easeInOutQuad"
						},
						"1.1667": {
							"vector": [0, 0, 0],
							"easing": "easeInOutQuad"
						}
					}
				},
				"left_back_leg": {
					"rotation": {
						"0.0": {
							"vector": [0, 0, 0]
						},
						"0.0833": {
							"vector": [-40, 0, 0],
							"easing": "linear"
						},
						"0.4167": {
							"vector": [30, 0, 0],
							"easing": "linear"
						},
						"0.7917": {
							"vector": [-40, 0, 0],
							"easing": "linear"
						},
						"1.0833": {
							"vector": [30, 0, 0],
							"easing": "linear"
						},
						"1.1667": {
							"vector": [0, 0, 0],
							"easing": "linear"
						}
					}
				},
				"left_middle_leg": {
					"rotation": {
						"0.0": {
							"vector": [0, 0, 0]
						},
						"0.0833": {
							"vector": [30, 0, 0],
							"easing": "linear"
						},
						"0.4167": {
							"vector": [-42.5, 0, 0],
							"easing": "linear"
						},
						"0.7917": {
							"vector": [30, 0, 0],
							"easing": "linear"
						},
						"1.0833": {
							"vector": [-42.5, 0, 0],
							"easing": "linear"
						},
						"1.1667": {
							"vector": [0, 0, 0],
							"easing": "linear"
						}
					}
				},
				"right_back_leg": {
					"rotation": {
						"0.0": {
							"vector": [0, 0, 0]
						},
						"0.0833": {
							"vector": [37.5, 0, 0]
						},
						"0.4167": {
							"vector": [-27.5, 0, 0]
						},
						"0.7917": {
							"vector": [37.5, 0, 0]
						},
						"1.0833": {
							"vector": [-27.5, 0, 0]
						},
						"1.1667": {
							"vector": [0, 0, 0]
						}
					}
				},
				"right_middle_leg": {
					"rotation": {
						"0.0": {
							"vector": [0, 0, 0]
						},
						"0.0833": {
							"vector": [-40, 0, 0]
						},
						"0.4167": {
							"vector": [30, 0, 0]
						},
						"0.7917": {
							"vector": [-40, 0, 0]
						},
						"1.0833": {
							"vector": [30, 0, 0]
						},
						"1.1667": {
							"vector": [0, 0, 0]
						}
					}
				},
				"left_front_leg": {
					"rotation": {
						"0.0": {
							"vector": [0, 0, 0]
						},
						"0.0833": {
							"vector": [-35, 0, 0],
							"easing": "linear"
						},
						"0.4167": {
							"vector": [32.5, 0, 0],
							"easing": "linear"
						},
						"0.7917": {
							"vector": [-35, 0, 0],
							"easing": "linear"
						},
						"1.0833": {
							"vector": [32.5, 0, 0],
							"easing": "linear"
						},
						"1.1667": {
							"vector": [0, 0, 0],
							"easing": "linear"
						}
					}
				},
				"right_front_leg": {
					"rotation": {
						"0.0": {
							"vector": [0, 0, 0]
						},
						"0.0833": {
							"vector": [37.5, 0, 0]
						},
						"0.4167": {
							"vector": [-37.5, 0, 0]
						},
						"0.7917": {
							"vector": [37.5, 0, 0]
						},
						"1.0833": {
							"vector": [-37.5, 0, 0]
						},
						"1.1667": {
							"vector": [0, 0, 0]
						}
					}
				}
			}
		}
	}
}