{
	"format_version": "1.8.0",
	"animations": {
		"animation.shroomie.idle": {
			"loop": true,
			"animation_length": 3.16667,
			"bones": {
				"head": {
					"rotation": {
						"0.0": {
							"vector": [0, 0, 0]
						},
						"0.5833": {
							"vector": [0, 0, 0]
						},
						"1.0833": {
							"vector": [0, -25, -2.5]
						},
						"1.5833": {
							"vector": [0, -25, -2.5]
						},
						"1.9583": {
							"vector": [-2.5, 27.5, 2.5]
						},
						"2.6667": {
							"vector": [-2.5, 27.5, 2.5]
						},
						"3.1667": {
							"vector": [0, 0, 0]
						}
					}
				},
				"left_arm": {
					"rotation": {
						"0.0": {
							"vector": [0, 0, 0]
						},
						"0.7917": {
							"vector": [-10, 5, 0]
						},
						"2.2917": {
							"vector": [15, -7.5, 0]
						},
						"3.1667": {
							"vector": [0, 0, 0]
						}
					}
				},
				"right_arm": {
					"rotation": {
						"0.0": {
							"vector": [0, 0, 0]
						},
						"0.8333": {
							"vector": [12.5, 7.5, 0]
						},
						"2.25": {
							"vector": [-22.5, -5, 0]
						},
						"3.1667": {
							"vector": [0, 0, 0]
						}
					}
				}
			}
		},
		"animation.shroomie.walk": {
			"loop": true,
			"animation_length": 1.875,
			"bones": {
				"head": {
					"rotation": {
						"0.0": {
							"vector": [0, 0, 0]
						},
						"0.3333": {
							"vector": [-5, 10, 2.5]
						},
						"0.5417": {
							"vector": [-5, 10, 2.5]
						},
						"1.125": {
							"vector": [0, -30, -5]
						},
						"1.4167": {
							"vector": [0, -30, -5]
						},
						"1.875": {
							"vector": [0, 0, 0]
						}
					}
				},
				"left_arm": {
					"rotation": {
						"0.0": {
							"vector": [0, 0, 0]
						},
						"0.2083": {
							"vector": [20, 0, 0]
						},
						"0.5833": {
							"vector": [-25, 0, 0]
						},
						"1.125": {
							"vector": [15, 0, 0]
						},
						"1.6667": {
							"vector": [-25, 0, 0]
						},
						"1.875": {
							"vector": [0, 0, 0]
						}
					}
				},
				"right_arm": {
					"rotation": {
						"0.0": {
							"vector": [0, 0, 0]
						},
						"0.1667": {
							"vector": [-25, 0, 0]
						},
						"0.625": {
							"vector": [20, 0, 0]
						},
						"1.0833": {
							"vector": [-25, 0, 0]
						},
						"1.625": {
							"vector": [15, 0, 0]
						},
						"1.875": {
							"vector": [0, 0, 0]
						}
					}
				},
				"left_leg": {
					"rotation": {
						"0.0": {
							"vector": [0, 0, 0]
						},
						"0.125": {
							"vector": [-35, 0, 0]
						},
						"0.625": {
							"vector": [35, 0, 0]
						},
						"1.125": {
							"vector": [-35, 0, 0]
						},
						"1.6667": {
							"vector": [35, 0, 0]
						},
						"1.875": {
							"vector": [0, 0, 0]
						}
					}
				},
				"right_leg": {
					"rotation": {
						"0.0": {
							"vector": [0, 0, 0]
						},
						"0.1667": {
							"vector": [35, 0, 0]
						},
						"0.5833": {
							"vector": [-35, 0, 0]
						},
						"1.0417": {
							"vector": [35, 0, 0]
						},
						"1.625": {
							"vector": [-35, 0, 0]
						},
						"1.875": {
							"vector": [0, 0, 0]
						}
					}
				}
			}
		}
	}
}