{
  "type": "minecraft:block",
  "pools": [
    {
      "rolls": 1,
      "entries": [
        {
          "type": "minecraft:alternatives",
          "children": [
            {
              "type": "minecraft:item",
              "conditions": [
                {
                  "condition": "minecraft:match_tool",
                  "predicate": {
                    "item": "minecraft:shears"
                  }
                }
              ],
              "name": "dark_caverns:charred_grass"
            }
          ]
        }
      ]
    }
  ]
}