{
	"format_version": "1.12.0",
	"minecraft:geometry": [
		{
			"description": {
				"identifier": "geometry.camorock",
				"texture_width": 64,
				"texture_height": 32,
				"visible_bounds_width": 2,
				"visible_bounds_height": 2.5,
				"visible_bounds_offset": [0, 0.75, 0]
			},
			"bones": [
				{
					"name": "hat",
					"pivot": [0, 0, 0],
					"cubes": [
						{"origin": [-7, 7, -7], "size": [14, 1, 14], "uv": [0, 0]},
						{"origin": [-1, 6, -7], "size": [1, 1, 0], "uv": [0, 0]},
						{"origin": [2, 6, -7], "size": [2, 1, 0], "uv": [0, 0]},
						{"origin": [-7, 6, 2], "size": [0, 1, 2], "uv": [0, 0]},
						{"origin": [-1, 6, 7], "size": [3, 1, 0], "uv": [0, 0]},
						{"origin": [7, 6, -6], "size": [0, 1, 1], "uv": [0, 0]},
						{"origin": [-6, 6, 7], "size": [1, 1, 0], "uv": [0, 0]},
						{"origin": [3, 6, 7], "size": [1, 1, 0], "uv": [0, 0]},
						{"origin": [6, 6, 7], "size": [1, 1, 0], "uv": [0, 0]},
						{"origin": [7, 6, 5], "size": [0, 1, 2], "uv": [0, 0]},
						{"origin": [7, 6, 3], "size": [0, 1, 1], "uv": [0, 0]},
						{"origin": [7, 6, -1], "size": [0, 1, 2], "uv": [0, 0]},
						{"origin": [7, 6, -4], "size": [0, 1, 1], "uv": [0, 0]},
						{"origin": [-7, 6, 5], "size": [0, 1, 1], "uv": [0, 0]},
						{"origin": [5, 6, -7], "size": [1, 1, 0], "uv": [0, 0]},
						{"origin": [-4, 6, -7], "size": [1, 1, 0], "uv": [0, 0]},
						{"origin": [-7, 6, -7], "size": [1, 1, 0], "uv": [0, 0]},
						{"origin": [-7, 6, -7], "size": [0, 1, 2], "uv": [0, 0]},
						{"origin": [-7, 6, -3], "size": [0, 1, 1], "uv": [0, 0]},
						{"origin": [-7, 6, -1], "size": [0, 1, 1], "uv": [0, 0]}
					]
				},
				{
					"name": "body",
					"pivot": [0, 0, 0],
					"cubes": [
						{"origin": [-3, 2, -3], "size": [6, 5, 6], "uv": [1, 16]}
					]
				},
				{
					"name": "left_back_leg",
					"pivot": [1.5, 2, 1.5],
					"cubes": [
						{"origin": [1, 0, 1], "size": [1, 2, 1], "uv": [20, 18]}
					]
				},
				{
					"name": "right_back_leg",
					"pivot": [-1.5, 2, 1.5],
					"cubes": [
						{"origin": [-2, 0, 1], "size": [1, 2, 1], "uv": [20, 18]}
					]
				},
				{
					"name": "left_front_leg",
					"pivot": [1.5, 2, -1.5],
					"cubes": [
						{"origin": [1, 0, -2], "size": [1, 2, 1], "uv": [20, 18]}
					]
				},
				{
					"name": "right_front_leg",
					"pivot": [-1.5, 2, -1.5],
					"cubes": [
						{"origin": [-2, 0, -2], "size": [1, 2, 1], "uv": [20, 18]}
					]
				}
			]
		}
	]
}