{
	"format_version": "1.12.0",
	"minecraft:geometry": [
		{
			"description": {
				"identifier": "geometry.luminite_fox",
				"texture_width": 64,
				"texture_height": 32,
				"visible_bounds_width": 3,
				"visible_bounds_height": 2.5,
				"visible_bounds_offset": [0, 0.75, 0]
			},
			"bones": [
				{
					"name": "head",
					"pivot": [0, 6.375, -6.125],
					"cubes": [
						{"origin": [-4, 4.5, -13], "size": [8, 4, 7], "uv": [31, 0]},
						{"origin": [-4, 8.5, -9], "size": [2, 2, 3], "uv": [0, 6]},
						{"origin": [2, 8.5, -9], "size": [2, 2, 3], "uv": [0, 0]}
					]
				},
				{
					"name": "cheek",
					"parent": "head",
					"pivot": [0, 0, 0],
					"cubes": [
						{"origin": [-10, 4.5, -8], "size": [1, 2, 8], "pivot": [0, 0, -4], "rotation": [0, -90, 0], "uv": [46, 22]}
					]
				},
				{
					"name": "body",
					"pivot": [0, 5.5, 0],
					"cubes": [
						{"origin": [-4, 3, -6], "size": [8, 5, 12], "uv": [0, 0]}
					]
				},
				{
					"name": "tail",
					"pivot": [0, 6, 6],
					"cubes": [
						{"origin": [-3, 5, 6], "size": [6, 2, 7], "uv": [38, 12]}
					]
				},
				{
					"name": "right_front_leg",
					"pivot": [-3, 3, -3.5],
					"cubes": [
						{"origin": [-4, 0, -5], "size": [2, 3, 3], "uv": [0, 26]}
					]
				},
				{
					"name": "left_front_leg",
					"pivot": [3, 3, -3.5],
					"cubes": [
						{"origin": [2, 0, -5], "size": [2, 3, 3], "uv": [0, 19]}
					]
				},
				{
					"name": "right_back_leg",
					"pivot": [-3, 3, 3.5],
					"cubes": [
						{"origin": [-4, 0, 2], "size": [2, 3, 3], "uv": [0, 26]}
					]
				},
				{
					"name": "left_back_leg",
					"pivot": [3, 3, 3.5],
					"cubes": [
						{"origin": [2, 0, 2], "size": [2, 3, 3], "uv": [0, 19]}
					]
				}
			]
		}
	]
}