{
	"format_version": "1.12.0",
	"minecraft:geometry": [
		{
			"description": {
				"identifier": "geometry.moltener",
				"texture_width": 48,
				"texture_height": 48,
				"visible_bounds_width": 2,
				"visible_bounds_height": 2.5,
				"visible_bounds_offset": [0, 0.75, 0]
			},
			"bones": [
				{
					"name": "right_arm",
					"pivot": [-5.5, 7.5, -0.5],
					"cubes": [
						{"origin": [-6, 3, -1], "size": [1, 5, 1], "uv": [0, 23]}
					]
				},
				{
					"name": "left_arm",
					"pivot": [5.5, 7.5, -0.5],
					"cubes": [
						{"origin": [5, 3, -1], "size": [1, 5, 1], "uv": [0, 23]}
					]
				},
				{
					"name": "right_eye",
					"pivot": [-2, 9, -6],
					"cubes": [
						{"origin": [-3, 9, -7], "size": [2, 2, 2], "uv": [0, 0]}
					]
				},
				{
					"name": "left_eye",
					"pivot": [2, 9, -6],
					"cubes": [
						{"origin": [1, 9, -7], "size": [2, 2, 2], "uv": [0, 4]}
					]
				},
				{
					"name": "right_leg",
					"pivot": [-2.5, 4, -0.5],
					"cubes": [
						{"origin": [-4, 0, -2], "size": [3, 4, 3], "uv": [6, 23]},
						{"origin": [-4, 0, -3], "size": [3, 1, 1], "uv": [20, 23]}
					]
				},
				{
					"name": "left_leg",
					"pivot": [2.5, 4, -0.5],
					"cubes": [
						{"origin": [1, 0, -2], "size": [3, 4, 3], "uv": [6, 23]},
						{"origin": [1, 0, -3], "size": [3, 1, 1], "uv": [20, 23]}
					]
				},
				{
					"name": "body",
					"pivot": [0, 10.5, 2],
					"cubes": [
						{"origin": [-5, 4, -6], "size": [10, 3, 1], "uv": [25, 15]},
						{"origin": [-5, 4, -5], "size": [10, 6, 8], "uv": [0, 0]}
					]
				},
				{
					"name": "lid",
					"pivot": [0, 10.5, 1.3],
					"cubes": [
						{"origin": [-4, 9.7, -4], "size": [8, 1, 6], "pivot": [0, 10.5, 2], "rotation": [-17.5, 0, 0], "uv": [0, 15]}
					]
				}
			]
		}
	]
}