{
	"format_version": "1.12.0",
	"minecraft:geometry": [
		{
			"description": {
				"identifier": "geometry.scorchhound",
				"texture_width": 96,
				"texture_height": 64,
				"visible_bounds_width": 4,
				"visible_bounds_height": 2.5,
				"visible_bounds_offset": [0, 0.75, 0]
			},
			"bones": [
				{
					"name": "tail",
					"pivot": [0, 0, -4],
					"rotation": [0, -90, 0],
					"cubes": [
						{"origin": [21, 8, -7], "size": [4, 8, 6], "uv": [44, 39]}
					]
				},
				{
					"name": "right_back_leg",
					"parent": "tail",
					"pivot": [16.25, 9, 1.5],
					"cubes": [
						{"origin": [16, 0, 0], "size": [3, 9, 3], "uv": [0, 0]},
						{"origin": [14, 0, 0], "size": [2, 2, 3], "uv": [33, 59]}
					]
				},
				{
					"name": "left_front_leg",
					"parent": "tail",
					"pivot": [-5.75, 9, 1.5],
					"cubes": [
						{"origin": [-8, 0, 0], "size": [2, 2, 3], "uv": [33, 59]},
						{"origin": [-6, 0, 0], "size": [3, 9, 3], "uv": [0, 0]}
					]
				},
				{
					"name": "right_front_leg",
					"parent": "tail",
					"pivot": [-5.75, 9, -9.5],
					"cubes": [
						{"origin": [-8, 0, -11], "size": [2, 2, 3], "uv": [33, 59]},
						{"origin": [-6, 0, -11], "size": [3, 9, 3], "uv": [0, 0]}
					]
				},
				{
					"name": "left_back_leg",
					"parent": "tail",
					"pivot": [16.25, 9, -9.5],
					"cubes": [
						{"origin": [16, 0, -11], "size": [3, 9, 3], "uv": [0, 0]},
						{"origin": [14, 0, -11], "size": [2, 2, 3], "uv": [33, 59]}
					]
				},
				{
					"name": "body_extension_right",
					"pivot": [0, 0, -4],
					"rotation": [0, -90, 0],
					"cubes": [
						{"origin": [-1.64489, 8.91907, 4], "size": [18, 8, 2], "pivot": [0, 14, 5], "rotation": [0, 0, 10], "uv": [0, 27]}
					]
				},
				{
					"name": "head",
					"pivot": [0, 14.125, -18],
					"rotation": [0, -90, 0],
					"cubes": [
						{"origin": [0, 6.60701, -23], "size": [6, 11, 10], "pivot": [6.48174, 15.10701, -18], "rotation": [0, 0, 7.5], "uv": [0, 43]},
						{"origin": [-4, 4, -20], "size": [2, 6, 4], "pivot": [14, 0, -18], "rotation": [0, 0, 7.5], "uv": [44, 54]},
						{"origin": [0, 13, -13], "size": [2, 5, 2], "pivot": [14, 0, -18], "rotation": [0, 0, 7.5], "uv": [56, 57]},
						{"origin": [0, 13, -25], "size": [2, 5, 2], "pivot": [14, 0, -18], "rotation": [0, 0, 7.5], "uv": [56, 57]}
					]
				},
				{
					"name": "body_extension_left",
					"pivot": [0, 0, -4],
					"rotation": [0, -90, 0],
					"cubes": [
						{"origin": [-1.64489, 8.91907, -14], "size": [18, 8, 2], "pivot": [0, 14, -13], "rotation": [0, 0, 10], "uv": [0, 27]}
					]
				},
				{
					"name": "body",
					"pivot": [0, 0, -4],
					"rotation": [0, -90, 0],
					"cubes": [
						{"origin": [-8, 9, -12], "size": [29, 10, 16], "uv": [0, 0]},
						{"origin": [-4, 19, -7], "size": [4, 2, 6], "uv": [44, 27]},
						{"origin": [2, 19, -7], "size": [4, 3, 6], "uv": [23, 42]},
						{"origin": [8, 19, -7], "size": [4, 2, 6], "uv": [44, 27]},
						{"origin": [14, 19, -7], "size": [4, 3, 6], "uv": [23, 42]}
					]
				}
			]
		}
	]
}