{
	"format_version": "1.12.0",
	"minecraft:geometry": [
		{
			"description": {
				"identifier": "geometry.custom_model",
				"texture_width": 32,
				"texture_height": 16,
				"visible_bounds_width": 2,
				"visible_bounds_height": 1.5,
				"visible_bounds_offset": [0, 0.25, 0]
			},
			"bones": [
				{
					"name": "head",
					"pivot": [0, 5, -4],
					"cubes": [
						{"origin": [-2, 3, -7], "size": [4, 3, 3], "uv": [0, 10]},
						{"origin": [2, 5, -6], "size": [1, 2, 1], "uv": [19, 0]},
						{"origin": [-3, 5, -6], "size": [1, 2, 1], "uv": [19, 0]},
						{"origin": [-2, 3, -8], "size": [4, 1, 1], "uv": [21, 4]}
					]
				},
				{
					"name": "body",
					"pivot": [0, 2.83333, 3],
					"cubes": [
						{"origin": [-3, 2, -4], "size": [6, 3, 7], "uv": [0, 0]},
						{"origin": [-2, 2, 3], "size": [4, 2, 2], "uv": [20, 12]}
					]
				},
				{
					"name": "tail",
					"parent": "body",
					"pivot": [0, 3, 5.5],
					"cubes": [
						{"origin": [-1, 1, 5], "size": [2, 2, 1], "uv": [26, 0]}
					]
				},
				{
					"name": "left_back_leg",
					"pivot": [3.5, 2.5, 1.5],
					"cubes": [
						{"origin": [3, 0, 1], "size": [1, 3, 1], "uv": [0, 0]}
					]
				},
				{
					"name": "left_middle_leg",
					"pivot": [3.5, 2.5, -0.5],
					"cubes": [
						{"origin": [3, 0, -1], "size": [1, 3, 1], "uv": [0, 0]}
					]
				},
				{
					"name": "right_back_leg",
					"pivot": [-3.5, 2.5, 1.5],
					"cubes": [
						{"origin": [-4, 0, 1], "size": [1, 3, 1], "uv": [0, 0]}
					]
				},
				{
					"name": "right_middle_leg",
					"pivot": [-3.5, 2.5, -0.5],
					"cubes": [
						{"origin": [-4, 0, -1], "size": [1, 3, 1], "uv": [0, 0]}
					]
				},
				{
					"name": "left_front_leg",
					"pivot": [3.5, 2.5, -2.5],
					"cubes": [
						{"origin": [3, 0, -3], "size": [1, 3, 1], "uv": [0, 0]}
					]
				},
				{
					"name": "right_front_leg",
					"pivot": [-3.5, 2.5, -2.5],
					"cubes": [
						{"origin": [-4, 0, -3], "size": [1, 3, 1], "uv": [0, 0]}
					]
				}
			]
		}
	]
}