{
	"format_version": "1.12.0",
	"minecraft:geometry": [
		{
			"description": {
				"identifier": "geometry.shroomie",
				"texture_width": 32,
				"texture_height": 32,
				"visible_bounds_width": 2,
				"visible_bounds_height": 2.5,
				"visible_bounds_offset": [0, 0.75, 0]
			},
			"bones": [
				{
					"name": "head",
					"pivot": [0, 13, -1],
					"cubes": [
						{"origin": [-2, 13, -3.5], "size": [4, 4, 4], "uv": [0, 9]},
						{"origin": [-4, 14.5, -10.5], "size": [8, 2, 7], "pivot": [0, 0, 0], "rotation": [-20, 0, 0], "uv": [0, 0]}
					]
				},
				{
					"name": "body",
					"pivot": [0, 0, 0],
					"cubes": [
						{"origin": [-2, 6, -2], "size": [4, 7, 3], "uv": [18, 9]}
					]
				},
				{
					"name": "left_arm",
					"pivot": [2.5, 12, -0.5],
					"cubes": [
						{"origin": [2, 5, -1], "size": [1, 8, 1], "uv": [0, 23]}
					]
				},
				{
					"name": "right_arm",
					"pivot": [-2.5, 12, -0.5],
					"cubes": [
						{"origin": [-3, 5, -1], "size": [1, 8, 1], "uv": [4, 23]}
					]
				},
				{
					"name": "left_leg",
					"pivot": [1.5, 6, -0.5],
					"cubes": [
						{"origin": [1, 0, -1], "size": [1, 6, 1], "uv": [9, 25]}
					]
				},
				{
					"name": "right_leg",
					"pivot": [-1.5, 6, -0.5],
					"cubes": [
						{"origin": [-2, 0, -1], "size": [1, 6, 1], "uv": [13, 25]}
					]
				}
			]
		}
	]
}