{
	"format_version": "1.12.0",
	"minecraft:geometry": [
		{
			"description": {
				"identifier": "geometry.luminite_fox",
				"texture_width": 96,
				"texture_height": 48,
				"visible_bounds_width": 4,
				"visible_bounds_height": 2.5,
				"visible_bounds_offset": [0, 0.75, 0]
			},
			"bones": [
				{
					"name": "head",
					"pivot": [0, 7, -10],
					"cubes": [
						{"origin": [-4, 5.5, -17], "size": [8, 4, 7], "uv": [45, 10]},
						{"origin": [-4, 9.5, -15], "size": [2, 2, 6], "uv": [0, 0]},
						{"origin": [2, 9.5, -15], "size": [2, 2, 6], "uv": [0, 11]}
					]
				},
				{
					"name": "cheek",
					"parent": "head",
					"pivot": [0, 5, -10],
					"cubes": [
						{"origin": [-10, 3.5, -12], "size": [8, 2, 8], "pivot": [0, 0, -8], "rotation": [0, -90, 0], "uv": [45, 0]}
					]
				},
				{
					"name": "body",
					"pivot": [0, 5.5, 0],
					"cubes": [
						{"origin": [-6, 3, -10], "size": [12, 6, 21], "uv": [0, 0]},
						{"origin": [-2, 9, -8], "size": [4, 2, 3], "uv": [35, 32]},
						{"origin": [-2, 9, -3], "size": [4, 2, 3], "uv": [50, 32]},
						{"origin": [-2, 9, 2], "size": [4, 2, 3], "uv": [35, 32]},
						{"origin": [-2, 9, 7], "size": [4, 2, 3], "uv": [50, 32]}
					]
				},
				{
					"name": "tail",
					"pivot": [0, 5.5, 11],
					"cubes": [
						{"origin": [-2, 4, 11], "size": [4, 3, 8], "uv": [0, 29]}
					]
				},
				{
					"name": "right_front_leg",
					"pivot": [-4, 3, -7.5],
					"cubes": [
						{"origin": [-5, 0, -9], "size": [2, 3, 3], "uv": [81, 3]}
					]
				},
				{
					"name": "left_front_leg",
					"pivot": [4, 3, -7.5],
					"cubes": [
						{"origin": [3, 0, -9], "size": [2, 3, 3], "uv": [81, 9]}
					]
				},
				{
					"name": "right_back_leg",
					"pivot": [-4, 3, 8.5],
					"cubes": [
						{"origin": [-5, 0, 7], "size": [2, 3, 3], "uv": [81, 3]}
					]
				},
				{
					"name": "left_back_leg",
					"pivot": [4, 3, 8.5],
					"cubes": [
						{"origin": [3, 0, 7], "size": [2, 3, 3], "uv": [81, 9]}
					]
				}
			]
		}
	]
}